Animal ID,Intake Type,In Date,Pet name,Animal Type,Pet Age,Pet Size,Color,Breed,Sex,URL Link ,Crossing
A433740,RETURN,03/12/2018,*REBEL,DOG,2 YEARS,LARGE,WHITE / BROWN,AM PIT BULL TER,S,http://www.petharbor.com/get_image.asp?res=DETAIL&id=A433740&location=MONT,
A436126,WILDLIFE,03/28/2018,HARRIS,OTHER,NO AGE,SMALL,BROWN / BLACK,LIZARD,U,http://www.petharbor.com/get_image.asp?res=DETAIL&id=A436126&location=MONT,
A433407,STRAY,12/26/2017,*SCOOBY,DOG,7 YEARS,LARGE,BEIGE,AM PIT BULL TER,N,http://www.petharbor.com/get_image.asp?res=DETAIL&id=A433407&location=MONT,"1500 AITCHESON LN, LAUREL MD 20707"
A436548,STRAY,04/09/2018,BABY,DOG,9 YEARS,LARGE,BRINDLE,MASTIFF,S,http://www.petharbor.com/get_image.asp?res=DETAIL&id=A436548&location=MONT,"900 CHESLEY KNOLL CT, GAITHERSBURG MD 20879"
A429152,OWNER SUR,05/17/2018,*BUTTERBALL,CAT,4 YEARS,LARGE,BRN TABBY,DOMESTIC SH,S,http://www.petharbor.com/get_image.asp?res=DETAIL&id=A429152&location=MONT,
A437931,STRAY,05/18/2018,*SILVER CARP,OTHER,NO AGE,LARGE,SILVER / SILVER,TROPICAL,U,http://www.petharbor.com/get_image.asp?res=DETAIL&id=A437931&location=MONT,"1200 FIDLER LN, SILVER SPRING MD 20910"
A437932,STRAY,05/18/2018,*FISH 1,OTHER,NO AGE,SMALL,YELLOW / YELLOW,TROPICAL,U,http://www.petharbor.com/get_image.asp?res=DETAIL&id=A437932&location=MONT,"1200 FIDLER LN, SILVER SPRING MD 20910"
A386892,FOSTER,05/24/2018,TONKA,DOG,4 YEARS,LARGE,WHITE / BLACK,POINTER / MIX,N,http://www.petharbor.com/get_image.asp?res=DETAIL&id=A386892&location=MONT,
A436401,OWNER SUR,04/05/2018,BISON,DOG,2 YEARS,MED,WHITE / GRAY,AM PIT BULL TER,N,http://www.petharbor.com/get_image.asp?res=DETAIL&id=A436401&location=MONT,
A436879,OWNER SUR,04/16/2018,COCONUT,CAT,2 YEARS,MED,CREAM / WHITE,DOMESTIC SH,N,http://www.petharbor.com/get_image.asp?res=DETAIL&id=A436879&location=MONT,
A434478,OWNER SUR,02/01/2018,NICO,DOG,8 YEARS,LARGE,TAN,AM PIT BULL TER,N,http://www.petharbor.com/get_image.asp?res=DETAIL&id=A434478&location=MONT,
A438690,STRAY,06/04/2018,*BOU,DOG,8 YEARS,MED,BLACK,LABRADOR RETR / MIX,N,http://www.petharbor.com/get_image.asp?res=DETAIL&id=A438690&location=MONT,"ROCKVILLE PIKE & BOU AVE, ROCKVILLE MD 20852"
A438852,OWNER SUR,06/09/2018,MAX,OTHER,2 YEARS,SMALL,WHITE,HAMSTER,M,http://www.petharbor.com/get_image.asp?res=DETAIL&id=A438852&location=MONT,
A438599,STRAY,06/02/2018,*RAVI,DOG,5 YEARS,MED,WHITE / BROWN,AM PIT BULL TER,S,http://www.petharbor.com/get_image.asp?res=DETAIL&id=A438599&location=MONT,"0 OSWEGO AVE, SILVER SPRING MD 20910"
A401049,OWNER SUR,06/15/2018,*YAHTZEE,CAT,3 YEARS,SMALL,GRAY TAB / WHITE,DOMESTIC SH,S,http://www.petharbor.com/get_image.asp?res=DETAIL&id=A401049&location=MONT,
A439069,STRAY,06/15/2018,LUNA,CAT,4 YEARS,MED,GRAY TAB / WHITE,DOMESTIC SH,S,http://www.petharbor.com/get_image.asp?res=DETAIL&id=A439069&location=MONT,"1100 RESERVE CHAMPION DR, ROCKVILLE MD 20850"
A431696,FOSTER,06/06/2018,*MEOWETH,CAT,3 YEARS,MED,WHITE / GRAY TAB,DOMESTIC SH,N,http://www.petharbor.com/get_image.asp?res=DETAIL&id=A431696&location=MONT,
A436437,OWNER SUR,04/05/2018,*MONDI,CAT,5 YEARS,MED,WHITE / BRN TABBY,DOMESTIC SH,S,http://www.petharbor.com/get_image.asp?res=DETAIL&id=A436437&location=MONT,
A439173,STRAY,06/18/2018,MAX,CAT,8 YEARS,MED,GRAY / WHITE,DOMESTIC LH,N,http://www.petharbor.com/get_image.asp?res=DETAIL&id=A439173&location=MONT,"500 BRADFORD DR, ROCKVILLE MD 20850"
A406631,STRAY,06/18/2018,FRISKY,DOG,5 YEARS,SMALL,BLACK / WHITE,JACK RUSS TERR / RAT TERRIER,N,http://www.petharbor.com/get_image.asp?res=DETAIL&id=A406631&location=MONT,"23600 ROLLING FORK WAY, GAITHERSBURG MD 20882"
A439234,STRAY,06/19/2018,DOG,DOG,NO AGE,MED,BLACK,POODLE STND,M,http://www.petharbor.com/get_image.asp?res=DETAIL&id=A439234&location=MONT,"CONNECTICUT AVE AND EAST WEST HWY,CHEVY CHASE MD"
A439389,OWNER SUR,06/23/2018,NATHAN,OTHER,2 YEARS,SMALL,WHITE,HAMSTER,M,http://www.petharbor.com/get_image.asp?res=DETAIL&id=A439389&location=MONT,
A438841,OWNER SUR,06/09/2018,NINJA,CAT,8 YEARS,MED,GRAY / WHITE,DOMESTIC MH,N,http://www.petharbor.com/get_image.asp?res=DETAIL&id=A438841&location=MONT,
A426407,CONFISCATE,06/28/2017,CALYPSO,DOG,7 YEARS,LARGE,BRINDLE / BROWN,AM PIT BULL TER,S,http://www.petharbor.com/get_image.asp?res=DETAIL&id=A426407&location=MONT,
A438807,OWNER SUR,06/08/2018,HOOPS,CAT,9 YEARS,MED,BLACK / WHITE,DOMESTIC SH,N,http://www.petharbor.com/get_image.asp?res=DETAIL&id=A438807&location=MONT,
A439625,STRAY,06/28/2018,*WOBBLE,BIRD,NO AGE,SMALL,WHITE,DOVE,U,http://www.petharbor.com/get_image.asp?res=DETAIL&id=A439625&location=MONT,"0 SHARPSTEAD LN, GAITHERSBURG MD 20878"
A438816,OWNER SUR,06/08/2018,REESE,DOG,2 YEARS,MED,BROWN,AM PIT BULL TER,N,http://www.petharbor.com/get_image.asp?res=DETAIL&id=A438816&location=MONT,
A437354,RETURN,06/18/2018,MR GREYSON,CAT,7 YEARS,MED,LYNX PT,SIAMESE / MIX,N,http://www.petharbor.com/get_image.asp?res=DETAIL&id=A437354&location=MONT,
A424854,OWNER SUR,06/29/2018,SIR FLIP,CAT,12 YEARS,LARGE,BRN TABBY / WHITE,DOMESTIC SH,N,http://www.petharbor.com/get_image.asp?res=DETAIL&id=A424854&location=MONT,
A338036,OWNER SUR,01/22/2018,PEPPER,CAT,9 YEARS,SMALL,BRN TABBY / WHITE,DOMESTIC SH,S,http://www.petharbor.com/get_image.asp?res=DETAIL&id=A338036&location=MONT,
A387442,OWNER SUR,06/12/2018,TYLER,CAT,4 YEARS,SMALL,GRAY TAB,DOMESTIC SH,N,http://www.petharbor.com/get_image.asp?res=DETAIL&id=A387442&location=MONT,
A436431,OWNER SUR,04/05/2018,*LANE,CAT,5 YEARS,SMALL,BRN TABBY / WHITE,DOMESTIC SH,N,http://www.petharbor.com/get_image.asp?res=DETAIL&id=A436431&location=MONT,
A435248,OWNER SUR,02/27/2018,CHICO,DOG,5 YEARS,LARGE,TAN / BLACK,GERM SHEPHERD,N,http://www.petharbor.com/get_image.asp?res=DETAIL&id=A435248&location=MONT,
A440094,OWNER SUR,07/10/2018,LUNA,CAT,2 YEARS,SMALL,BLUE,DOMESTIC SH,S,http://www.petharbor.com/get_image.asp?res=DETAIL&id=A440094&location=MONT,
A369285,OWNER SUR,07/10/2018,JAZ,CAT,6 YEARS,SMALL,BRN TABBY / WHITE,DOMESTIC SH,S,http://www.petharbor.com/get_image.asp?res=DETAIL&id=A369285&location=MONT,
A439953,OWNER SUR,07/06/2018,LILLY,CAT,12 YEARS,MED,TORTIE,DOMESTIC MH,S,http://www.petharbor.com/get_image.asp?res=DETAIL&id=A439953&location=MONT,
A438918,STRAY,06/11/2018,SADIE,DOG,3 YEARS,LARGE,WHITE / BLACK,AM PIT BULL TER,S,http://www.petharbor.com/get_image.asp?res=DETAIL&id=A438918&location=MONT,"9800 CONNECTICUT AVE, KENSINGTON MD 20895"
A412347,OWNER SUR,06/29/2018,STAR,CAT,4 YEARS,MED,GRAY / WHITE,DOMESTIC SH,S,http://www.petharbor.com/get_image.asp?res=DETAIL&id=A412347&location=MONT,
A436448,OWNER SUR,04/05/2018,*JAYMI,CAT,7 YEARS,MED,BRN TABBY,DOMESTIC SH,N,http://www.petharbor.com/get_image.asp?res=DETAIL&id=A436448&location=MONT,
A427258,OWNER SUR,07/03/2018,MAX,DOG,11 YEARS,SMALL,TAN,CHIHUAHUA SH / MIX,N,http://www.petharbor.com/get_image.asp?res=DETAIL&id=A427258&location=MONT,
A438403,OWNER SUR,05/29/2018,*NACHOCAT,CAT,5 YEARS,LARGE,GRAY TAB,DOMESTIC SH,N,http://www.petharbor.com/get_image.asp?res=DETAIL&id=A438403&location=MONT,
A439738,STRAY,06/30/2018,*SANGRIA,CAT,2 YEARS,MED,GRAY TAB,DOMESTIC SH,S,http://www.petharbor.com/get_image.asp?res=DETAIL&id=A439738&location=MONT,"13700 MODRAD WAY, SILVER SPRING MD 20904"
A439591,STRAY,06/26/2018,*NATE,DOG,2 YEARS,LARGE,BROWN,CHINESE SHARPEI / BULLMASTIFF,N,http://www.petharbor.com/get_image.asp?res=DETAIL&id=A439591&location=MONT,"900 NORTHAMPTON DR, SILVER SPRING MD 20903"
A439590,STRAY,06/26/2018,*NATHAN,DOG,5 YEARS,LARGE,BROWN,CHINESE SHARPEI / BULLMASTIFF,N,http://www.petharbor.com/get_image.asp?res=DETAIL&id=A439590&location=MONT,"900 NORTHAMPTON DR, SILVER SPRING MD 20903"
A440093,STRAY,07/10/2018,*BLUFF,CAT,3 YEARS,MED,BLACK / WHITE,DOMESTIC MH,N,http://www.petharbor.com/get_image.asp?res=DETAIL&id=A440093&location=MONT,"20600 BELL BLUFF RD, GAITHERSBURG MD 20879"
A832792,OWNER SUR,07/16/2018,LUCKY,DOG,9 YEARS,MED,WHITE / BROWN,AM PIT BULL TER,N,http://www.petharbor.com/get_image.asp?res=DETAIL&id=A832792&location=MONT,
A423096,FOSTER,07/19/2018,JASMINE,CAT,2 YEARS,SMALL,GRAY TAB,DOMESTIC SH,S,http://www.petharbor.com/get_image.asp?res=DETAIL&id=A423096&location=MONT,
A440660,OWNER SUR,07/21/2018,BUSTER,OTHER,3 YEARS,MED,RED,GUINEA PIG,M,http://www.petharbor.com/get_image.asp?res=DETAIL&id=A440660&location=MONT,
A440659,OWNER SUR,07/21/2018,MR. JINGLES,OTHER,3 YEARS,MED,TRICOLOR,GUINEA PIG,M,http://www.petharbor.com/get_image.asp?res=DETAIL&id=A440659&location=MONT,
A440690,OWNER SUR,07/22/2018,PUCK,OTHER,2 YEARS,SMALL,BLACK / BROWN,GUINEA PIG,M,http://www.petharbor.com/get_image.asp?res=DETAIL&id=A440690&location=MONT,
A438136,OWNER SUR,05/23/2018,BK,CAT,8 YEARS,SMALL,ORANGE,DOMESTIC LH,N,http://www.petharbor.com/get_image.asp?res=DETAIL&id=A438136&location=MONT,
A438592,OWNER SUR,06/01/2018,*ZENA,CAT,4 YEARS,LARGE,TORTIE,DOMESTIC SH,S,http://www.petharbor.com/get_image.asp?res=DETAIL&id=A438592&location=MONT,
A440308,OWNER SUR,07/14/2018,*GORDO,CAT,9 YEARS,SMALL,FLAME PT,SIAMESE,N,http://www.petharbor.com/get_image.asp?res=DETAIL&id=A440308&location=MONT,
A438199,OWNER SUR,05/24/2018,*FINNIGAN,CAT,6 YEARS,SMALL,ORANGE,DOMESTIC MH,N,http://www.petharbor.com/get_image.asp?res=DETAIL&id=A438199&location=MONT,
A412349,OWNER SUR,06/29/2018,KASSI,CAT,4 YEARS,MED,BRN TORBI / WHITE,DOMESTIC SH,S,http://www.petharbor.com/get_image.asp?res=DETAIL&id=A412349&location=MONT,
A438250,OWNER SUR,05/25/2018,*SIMBA,CAT,3 YEARS,MED,BRN TABBY,DOMESTIC MH,S,http://www.petharbor.com/get_image.asp?res=DETAIL&id=A438250&location=MONT,
A438197,OWNER SUR,05/24/2018,*SCARLET,CAT,2 YEARS,SMALL,BRN TABBY / WHITE,DOMESTIC SH,S,http://www.petharbor.com/get_image.asp?res=DETAIL&id=A438197&location=MONT,
A438137,OWNER SUR,05/23/2018,GAYLORD,CAT,5 YEARS,SMALL,BRN TABBY,DOMESTIC LH,S,http://www.petharbor.com/get_image.asp?res=DETAIL&id=A438137&location=MONT,
A440488,STRAY,07/16/2018,*TOASTEDMARSHMALLOW,CAT,12 YEARS,LARGE,BLACK / WHITE,DOMESTIC SH,N,http://www.petharbor.com/get_image.asp?res=DETAIL&id=A440488&location=MONT,"23500 GARDENSIDE PL, CLARKSBURG MD 20871"
A440310,OWNER SUR,07/14/2018,*RAY,CAT,7 YEARS,SMALL,FLAME PT,SIAMESE,N,http://www.petharbor.com/get_image.asp?res=DETAIL&id=A440310&location=MONT,
A440298,OWNER SUR,07/14/2018,ROUND,CAT,4 YEARS,SMALL,FLAME PT,SIAMESE,N,http://www.petharbor.com/get_image.asp?res=DETAIL&id=A440298&location=MONT,
A428167,OWNER SUR,07/14/2018,PINK,CAT,8 YEARS,SMALL,FLAME PT,SIAMESE / MIX,S,http://www.petharbor.com/get_image.asp?res=DETAIL&id=A428167&location=MONT,
A440332,OWNER SUR,07/14/2018,FLAPJACK,CAT,5 YEARS,SMALL,LYNX PT,SIAMESE,N,http://www.petharbor.com/get_image.asp?res=DETAIL&id=A440332&location=MONT,
A440300,OWNER SUR,07/14/2018,*MOONBEAM,CAT,5 YEARS,SMALL,LILAC PT,SIAMESE,S,http://www.petharbor.com/get_image.asp?res=DETAIL&id=A440300&location=MONT,
A440520,OWNER SUR,07/17/2018,FELECIA,CAT,7 YEARS,MED,BRN TABBY,DOMESTIC SH,S,http://www.petharbor.com/get_image.asp?res=DETAIL&id=A440520&location=MONT,
A440522,OWNER SUR,07/17/2018,MERCEDES,CAT,7 YEARS,MED,GRAY,DOMESTIC SH,S,http://www.petharbor.com/get_image.asp?res=DETAIL&id=A440522&location=MONT,
A440312,OWNER SUR,07/14/2018,*PORTABELLO,CAT,2 YEARS,SMALL,LILAC PT,SIAMESE,N,http://www.petharbor.com/get_image.asp?res=DETAIL&id=A440312&location=MONT,
A440336,OWNER SUR,07/14/2018,*ROSEMARY,CAT,10 YEARS,SMALL,FLAME PT,SIAMESE,S,http://www.petharbor.com/get_image.asp?res=DETAIL&id=A440336&location=MONT,
A370405,OWNER SUR,05/08/2018,ROCKO,DOG,8 YEARS,LARGE,BROWN / WHITE,STAFFORDSHIRE,N,http://www.petharbor.com/get_image.asp?res=DETAIL&id=A370405&location=MONT,
A439731,RETURN,07/17/2018,LOUIE,CAT,5 YEARS,MED,BLACK / WHITE,DOMESTIC SH,N,http://www.petharbor.com/get_image.asp?res=DETAIL&id=A439731&location=MONT,
A440758,OWNER SUR,07/24/2018,CHICA,DOG,13 YEARS,SMALL,TAN,CHIHUAHUA SH,F,http://www.petharbor.com/get_image.asp?res=DETAIL&id=A440758&location=MONT,
A302654,OWNER SUR,07/22/2018,GERMANY,CAT,12 YEARS,MED,BLACK / WHITE,DOMESTIC SH,S,http://www.petharbor.com/get_image.asp?res=DETAIL&id=A302654&location=MONT,
A440586,OWNER SUR,07/19/2018,PENNY,CAT,2 YEARS,LARGE,SLVR TABBY,DOMESTIC SH,S,http://www.petharbor.com/get_image.asp?res=DETAIL&id=A440586&location=MONT,
A435403,RETURN,03/17/2018,WILLOW,DOG,1 YEAR 5 MONTHS,MED,BLUE,AM PIT BULL TER,S,http://www.petharbor.com/get_image.asp?res=DETAIL&id=A435403&location=MONT,
A434836,OWNER SUR,05/23/2018,TYSON,DOG,1 YEAR 5 MONTHS,X-LRG,TAN,BOERBOEL / MIX,N,http://www.petharbor.com/get_image.asp?res=DETAIL&id=A434836&location=MONT,
A437176,STRAY,04/26/2018,*SHERMAN,DOG,1 YEAR 4 MONTHS,LARGE,BROWN,AM PIT BULL TER,N,http://www.petharbor.com/get_image.asp?res=DETAIL&id=A437176&location=MONT,"400 CHRISTOPHER AVE, GAITHERSBURG MD 20879"
A436710,OWNER SUR,04/13/2018,*MINK,CAT,10 MONTHS,SMALL,BRN TABBY / WHITE,DOMESTIC SH,S,http://www.petharbor.com/get_image.asp?res=DETAIL&id=A436710&location=MONT,
A437779,OWNER SUR,05/14/2018,THYMY,OTHER,11 MONTHS,MED,SABLE,FERRET,N,http://www.petharbor.com/get_image.asp?res=DETAIL&id=A437779&location=MONT,
A354709,STRAY,07/15/2018,*KIELBASA,DOG,5 YEARS,LARGE,BLUE / WHITE,AM PIT BULL TER,S,http://www.petharbor.com/get_image.asp?res=DETAIL&id=A354709&location=MONT,"0 FREDERICK RD, ROCKVILLE MD 20850"
A440319,OWNER SUR,07/14/2018,PATRICK,CAT,4 YEARS,SMALL,FLAME PT,SIAMESE,N,http://www.petharbor.com/get_image.asp?res=DETAIL&id=A440319&location=MONT,
A438138,OWNER SUR,05/23/2018,DIAMOND,CAT,5 YEARS,SMALL,BRN TABBY,DOMESTIC LH,S,http://www.petharbor.com/get_image.asp?res=DETAIL&id=A438138&location=MONT,
A437068,OWNER SUR,07/30/2018,CHARITY,CAT,3 YEARS,MED,BRN TABBY,DOMESTIC SH,S,http://www.petharbor.com/get_image.asp?res=DETAIL&id=A437068&location=MONT,
A440750,STRAY,07/24/2018,*KIKI,DOG,2 YEARS,LARGE,BLACK / BROWN,ROTTWEILER,F,http://www.petharbor.com/get_image.asp?res=DETAIL&id=A440750&location=MONT,"14100 CASTLE BLVD, SILVER SPRING MD 20904"
A441041,OWNER SUR,07/30/2018,NUBIAN,DOG,7 MONTHS,MED,BROWN / WHITE,AM PIT BULL TER,F,http://www.petharbor.com/get_image.asp?res=DETAIL&id=A441041&location=MONT,
A439017,STRAY,06/14/2018,*JUBILEE,DOG,1 YEAR 1 MONTH,MED,GRAY,AM PIT BULL TER,S,http://www.petharbor.com/get_image.asp?res=DETAIL&id=A439017&location=MONT,"11200 OAK LEAF DR, SILVER SPRING MD 20901"
A440729,OWNER SUR,07/23/2018,*SLIMMIE,CAT,4 MONTHS,KITTE,BRN TABBY,DOMESTIC SH,N,http://www.petharbor.com/get_image.asp?res=DETAIL&id=A440729&location=MONT,
A440061,OWNER SUR,07/09/2018,JR,DOG,1 YEAR 7 MONTHS,MED,WHITE / BRINDLE,TR WALKER HOUND,N,http://www.petharbor.com/get_image.asp?res=DETAIL&id=A440061&location=MONT,
A440724,OWNER SUR,07/23/2018,*TRUEY,CAT,4 MONTHS,KITTE,GRAY TAB,DOMESTIC SH,N,http://www.petharbor.com/get_image.asp?res=DETAIL&id=A440724&location=MONT,
A434081,RETURN,03/17/2018,BENTLEY,DOG,1 YEAR 7 MONTHS,LARGE,BLACK / WHITE,AM PIT BULL TER / GERM SHEPHERD,N,http://www.petharbor.com/get_image.asp?res=DETAIL&id=A434081&location=MONT,
A439180,STRAY,06/18/2018,HONEY,DOG,1 YEAR 8 MONTHS,SMALL,BLACK,AM PIT BULL TER,F,http://www.petharbor.com/get_image.asp?res=DETAIL&id=A439180&location=MONT,"16200 FREDERICK RD, GAITHERSBURG MD 20877"
A440981,OWNER SUR,07/28/2018,CALI,OTHER,1 YEAR 1 MONTH,SMALL,TRI/BROWN,GUINEA PIG,F,http://www.petharbor.com/get_image.asp?res=DETAIL&id=A440981&location=MONT,
A437777,OWNER SUR,05/14/2018,EASTER,OTHER,11 MONTHS,SMALL,SABLE,FERRET,S,http://www.petharbor.com/get_image.asp?res=DETAIL&id=A437777&location=MONT,
A438938,OWNER SUR,06/12/2018,DRE,DOG,10 MONTHS,MED,BRINDLE,BOXER / GERM SHEPHERD,N,http://www.petharbor.com/get_image.asp?res=DETAIL&id=A438938&location=MONT,
A437314,STRAY,04/30/2018,*PAYLA,CAT,1 YEAR 3 MONTHS,SMALL,BRN TABBY,DOMESTIC SH,S,http://www.petharbor.com/get_image.asp?res=DETAIL&id=A437314&location=MONT,"1100 JACKSON RD, SILVER SPRING MD 20904"
A438312,OWNER SUR,05/27/2018,BAXTER,CAT,1 YEAR 3 MONTHS,LARGE,BRN TABBY,DOMESTIC SH,N,http://www.petharbor.com/get_image.asp?res=DETAIL&id=A438312&location=MONT,
A439583,RETURN,07/13/2018,*TUK,DOG,1 YEAR 2 MONTHS,LARGE,BLACK / WHITE,ALASKAN HUSKY / GERM SHEPHERD,N,http://www.petharbor.com/get_image.asp?res=DETAIL&id=A439583&location=MONT,
A440055,OWNER SUR,07/09/2018,FRED,BIRD,9 MONTHS,LARGE,WHITE / TAN,CHICKEN,M,http://www.petharbor.com/get_image.asp?res=DETAIL&id=A440055&location=MONT,
A439847,STRAY,07/04/2018,*GOBSTOPPER,OTHER,1 YEAR 1 MONTH,SMALL,GRAY / WHITE,HAMSTER,M,http://www.petharbor.com/get_image.asp?res=DETAIL&id=A439847&location=MONT,"12100 VILLAGE SQUARE TER, ROCKVILLE MD 20852"
A440226,OWNER SUR,07/13/2018,*OLIVIA,CAT,1 YEAR 7 MONTHS,SMALL,BLACK,DOMESTIC SH,S,http://www.petharbor.com/get_image.asp?res=DETAIL&id=A440226&location=MONT,
A440533,STRAY,07/18/2018,*PEETA,OTHER,1 YEAR 1 MONTH,SMALL,BROWN,RABBIT SH,M,http://www.petharbor.com/get_image.asp?res=DETAIL&id=A440533&location=MONT,"21000 BRINK CT, GAITHERSBURG MD 20882"
A426564,FOSTER,07/23/2018,RYUU,DOG,2 YEARS,LARGE,BRINDLE,AM PIT BULL TER,N,http://www.petharbor.com/get_image.asp?res=DETAIL&id=A426564&location=MONT,
A438850,OWNER SUR,06/09/2018,HONEY,CAT,8 MONTHS,SMALL,ORANGE TAB,DOMESTIC SH,S,http://www.petharbor.com/get_image.asp?res=DETAIL&id=A438850&location=MONT,
A427315,OWNER SUR,04/20/2018,ELSA,CAT,1 YEAR 7 MONTHS,SMALL,BRN TABBY,DOMESTIC SH,S,http://www.petharbor.com/get_image.asp?res=DETAIL&id=A427315&location=MONT,
A440069,STRAY,07/09/2018,*EVERETT,CAT,4 MONTHS,KITTE,BLACK / WHITE,DOMESTIC SH,N,http://www.petharbor.com/get_image.asp?res=DETAIL&id=A440069&location=MONT,"7000 WOODLAND AVE, TAKOMA PARK MD 20912"
A439845,STRAY,07/04/2018,*POP ROCKS,OTHER,1 YEAR 1 MONTH,SMALL,GRAY / WHITE,HAMSTER,M,http://www.petharbor.com/get_image.asp?res=DETAIL&id=A439845&location=MONT,"12100 VILLAGE SQUARE TER, ROCKVILLE MD 20852"
A401055,OWNER SUR,04/26/2018,MABON,CAT,4 YEARS,MED,BLACK,DOMESTIC SH / MIX,S,http://www.petharbor.com/get_image.asp?res=DETAIL&id=A401055&location=MONT,
A436851,STRAY,04/16/2018,*BROOKE,DOG,1 YEAR 4 MONTHS,LARGE,BRINDLE / WHITE,PRESA CANARIO / MIX,S,http://www.petharbor.com/get_image.asp?res=DETAIL&id=A436851&location=MONT,"6700 GLEN OAK CT, DERWOOD MD 20855"
A438349,OWNER SUR,05/28/2018,STORM,CAT,1 YEAR 3 MONTHS,MED,BRN TABBY,DOMESTIC MH,S,http://www.petharbor.com/get_image.asp?res=DETAIL&id=A438349&location=MONT,
A438717,STRAY,06/05/2018,*JAZZ,CAT,1 YEAR 2 MONTHS,MED,DIL TORTIE,DOMESTIC SH,S,http://www.petharbor.com/get_image.asp?res=DETAIL&id=A438717&location=MONT,"18300 JONESVILLE RD, POOLESVILLE MD 20837"
A431177,OWNER SUR,03/13/2018,ROCKY,DOG,1 YEAR 9 MONTHS,LARGE,BROWN / WHITE,AM PIT BULL TER,N,http://www.petharbor.com/get_image.asp?res=DETAIL&id=A431177&location=MONT,
A436668,OWNER SUR,04/12/2018,KATO,DOG,1 YEAR 9 MONTHS,MED,BRINDLE / WHITE,STAFFORDSHIRE,N,http://www.petharbor.com/get_image.asp?res=DETAIL&id=A436668&location=MONT,
A440726,OWNER SUR,07/23/2018,*LALA,CAT,4 MONTHS,KITTE,GRAY TAB,DOMESTIC SH,S,http://www.petharbor.com/get_image.asp?res=DETAIL&id=A440726&location=MONT,
A440727,OWNER SUR,07/23/2018,*DONNIE,CAT,4 MONTHS,KITTE,GRAY TAB,DOMESTIC SH,N,http://www.petharbor.com/get_image.asp?res=DETAIL&id=A440727&location=MONT,
A434983,OWNER SUR,02/18/2018,LILY,DOG,3 YEARS,MED,BLACK / WHITE,LABRADOR RETR / AM PIT BULL TER,S,http://www.petharbor.com/get_image.asp?res=DETAIL&id=A434983&location=MONT,
A440512,STRAY,07/17/2018,*PETER,DOG,2 YEARS,MED,WHITE / TAN,TIBETAN TERR / MIX,N,http://www.petharbor.com/get_image.asp?res=DETAIL&id=A440512&location=MONT,"9500 CENTERWAY RD, MONTGOMERY VILLAGE MD 20886"
A440920,OWNER SUR,07/27/2018,*MIMI,CAT,12 YEARS,MED,BLACK / WHITE,DOMESTIC SH,S,http://www.petharbor.com/get_image.asp?res=DETAIL&id=A440920&location=MONT,
A441187,OWNER SUR,08/02/2018,LULU,OTHER,6 YEARS,MED,GRAY / WHITE,GUINEA PIG,F,http://www.petharbor.com/get_image.asp?res=DETAIL&id=A441187&location=MONT,
A441189,OWNER SUR,08/02/2018,PEANUT,OTHER,2 YEARS,MED,TRICOLOR,GUINEA PIG,F,http://www.petharbor.com/get_image.asp?res=DETAIL&id=A441189&location=MONT,
A440694,STRAY,07/22/2018,*CARLA,DOG,5 YEARS,SMALL,TAN,PUG / BEAGLE,S,http://www.petharbor.com/get_image.asp?res=DETAIL&id=A440694&location=MONT,"9300 CORPORATE BLVD, ROCKVILLE MD 20850"
A440915,STRAY,07/27/2018,*BENNA,OTHER,7 MONTHS,MED,GRAY,RABBIT SH,F,http://www.petharbor.com/get_image.asp?res=DETAIL&id=A440915&location=MONT,"9100 KIMES ST, SILVER SPRING MD 20901"
A441182,OWNER SUR,08/02/2018,COOKIE DOUGH,OTHER,1 YEAR,MED,TRI/BROWN / WHITE,GUINEA PIG,F,http://www.petharbor.com/get_image.asp?res=DETAIL&id=A441182&location=MONT,
A441186,OWNER SUR,08/02/2018,COCOA,OTHER,6 YEARS,MED,BROWN,GUINEA PIG,F,http://www.petharbor.com/get_image.asp?res=DETAIL&id=A441186&location=MONT,
A440921,OWNER SUR,07/27/2018,*DOT,CAT,12 YEARS,MED,GRAY / WHITE,DOMESTIC SH,S,http://www.petharbor.com/get_image.asp?res=DETAIL&id=A440921&location=MONT,
A440948,STRAY,07/27/2018,*TWINKLES,BIRD,1 YEAR 1 MONTH,SMALL,WHITE,DOVE,U,http://www.petharbor.com/get_image.asp?res=DETAIL&id=A440948&location=MONT,"11500 LOCKWOOD DR, SILVER SPRING MD 20904"
A440305,OWNER SUR,07/14/2018,*FALAFEL,CAT,5 YEARS,SMALL,FLAME PT,SIAMESE,S,http://www.petharbor.com/get_image.asp?res=DETAIL&id=A440305&location=MONT,
A438368,CONFISCATE,07/10/2018,MAMA,DOG,2 YEARS,SMALL,BLACK / WHITE,AMERICAN STAFF / BASENJI,F,http://www.petharbor.com/get_image.asp?res=DETAIL&id=A438368&location=MONT,
A430973,OWNER SUR,07/12/2018,DOGOL,DOG,1 YEAR 4 MONTHS,MED,GRAY,CANAAN DOG / CATAHOULA,N,http://www.petharbor.com/get_image.asp?res=DETAIL&id=A430973&location=MONT,
A437993,OWNER SUR,05/20/2018,SELENA,CAT,14 YEARS,SMALL,BLACK / WHITE,DOMESTIC SH,S,http://www.petharbor.com/get_image.asp?res=DETAIL&id=A437993&location=MONT,
A437994,OWNER SUR,05/20/2018,PLAYER,CAT,14 YEARS,SMALL,BLACK,DOMESTIC SH,S,http://www.petharbor.com/get_image.asp?res=DETAIL&id=A437994&location=MONT,
A440423,STRAY,07/15/2018,*HONEY,DOG,2 YEARS,SMALL,TAN,JACK RUSS TERR,F,http://www.petharbor.com/get_image.asp?res=DETAIL&id=A440423&location=MONT,"12100 TRAILRIDGE DR, POTOMAC MD 20854"
A440826,OWNER SUR,07/26/2018,*RICK,CAT,4 MONTHS,SMALL,FLAME PT,SIAMESE,N,http://www.petharbor.com/get_image.asp?res=DETAIL&id=A440826&location=MONT,
A440425,OWNER SUR,07/14/2018,RIGATONI,CAT,5 YEARS,LARGE,SEAL PT,DOMESTIC SH,S,http://www.petharbor.com/get_image.asp?res=DETAIL&id=A440425&location=MONT,
A440345,OWNER SUR,07/14/2018,*CHARLES,CAT,5 MONTHS,SMALL,FLAME PT,SIAMESE,N,http://www.petharbor.com/get_image.asp?res=DETAIL&id=A440345&location=MONT,
A440339,OWNER SUR,07/14/2018,*PESTO,CAT,5 YEARS,SMALL,FLAME PT,SIAMESE,N,http://www.petharbor.com/get_image.asp?res=DETAIL&id=A440339&location=MONT,
A440275,OWNER SUR,07/14/2018,WINKLES,DOG,10 MONTHS,LARGE,CHESTNUT,MASTIFF / CHINESE SHARPEI,N,http://www.petharbor.com/get_image.asp?res=DETAIL&id=A440275&location=MONT,
A440304,OWNER SUR,07/14/2018,*BAGUETTE,CAT,4 YEARS,SMALL,FLAME PT,SIAMESE,N,http://www.petharbor.com/get_image.asp?res=DETAIL&id=A440304&location=MONT,
A440265,OWNER SUR,07/14/2018,DEUCE,DOG,5 MONTHS,PUPPY,TAN / WHITE,BOXER / MIX,N,http://www.petharbor.com/get_image.asp?res=DETAIL&id=A440265&location=MONT,
A440329,OWNER SUR,07/14/2018,*LANCELOT,CAT,1 YEAR 1 MONTH,SMALL,FLAME PT,SIAMESE,S,http://www.petharbor.com/get_image.asp?res=DETAIL&id=A440329&location=MONT,
A440316,OWNER SUR,07/14/2018,PIPISTRELLO,CAT,5 YEARS,SMALL,BLACK,DOMESTIC LH,N,http://www.petharbor.com/get_image.asp?res=DETAIL&id=A440316&location=MONT,
A440314,OWNER SUR,07/14/2018,BABY ROUND,CAT,5 YEARS,SMALL,FLAME PT,SIAMESE,N,http://www.petharbor.com/get_image.asp?res=DETAIL&id=A440314&location=MONT,
A440333,OWNER SUR,07/14/2018,*TZATZIKI,CAT,5 YEARS,SMALL,FLAME PT,SIAMESE,N,http://www.petharbor.com/get_image.asp?res=DETAIL&id=A440333&location=MONT,
